DIVIPOLA,hist14_meses_con_evento,hist14_tasa,hist14_n_eventos,hist14_log_afectados
05001,20,0.8333333333333334,32,5.5053315359323625
05002,1,0.041666666666666664,2,0.0
05004,0,0.0,0,0.0
05021,0,0.0,0,0.0
05030,2,0.08333333333333333,3,1.0986122886681096
05031,4,0.16666666666666666,4,4.836281906951478
05034,3,0.125,6,5.739792912179234
05036,2,0.08333333333333333,2,3.258096538021482
05038,2,0.08333333333333333,2,5.7430031878094825
05040,4,0.16666666666666666,5,4.143134726391533
05042,2,0.08333333333333333,2,0.0
05044,1,0.041666666666666664,1,0.0
05045,5,0.20833333333333334,6,8.974111581113318
05051,3,0.125,3,0.0
05055,0,0.0,0,0.0
05059,0,0.0,0,0.0
05079,6,0.25,6,4.709530201312334
05086,1,0.041666666666666664,1,0.0
05088,9,0.375,18,3.6635616461296463
05091,1,0.041666666666666664,1,3.4339872044851463
05093,5,0.20833333333333334,5,2.3978952727983707
05101,0,0.0,0,0.0
05107,1,0.041666666666666664,1,2.3978952727983707
05113,1,0.041666666666666664,1,0.0
05120,0,0.0,0,0.0
05125,2,0.08333333333333333,2,5.5254529391317835
05129,3,0.125,4,2.1972245773362196
05134,0,0.0,0,0.0
05138,4,0.16666666666666666,4,5.225746673713202
05142,2,0.08333333333333333,2,5.351858133476067
05145,0,0.0,0,0.0
05147,3,0.125,3,1.3862943611198906
05148,1,0.041666666666666664,1,0.0
05150,2,0.08333333333333333,2,0.0
05154,5,0.20833333333333334,5,5.351858133476067
05172,9,0.375,9,7.977625098784593
05190,1,0.041666666666666664,1,1.791759469228055
05197,4,0.16666666666666666,5,5.968707559985366
05206,1,0.041666666666666664,1,3.4339872044851463
05209,4,0.16666666666666666,15,0.0
05212,3,0.125,3,0.0
05234,2,0.08333333333333333,2,0.0
05237,2,0.08333333333333333,3,6.628041376179533
05240,0,0.0,0,0.0
05250,2,0.08333333333333333,2,6.55250788703459
05264,0,0.0,0,0.0
05266,3,0.125,3,0.6931471805599453
05282,4,0.16666666666666666,5,0.0
05284,4,0.16666666666666666,4,2.8903717578961645
05306,0,0.0,0,0.0
05308,3,0.125,3,4.330733340286331
05310,3,0.125,3,2.3978952727983707
05313,1,0.041666666666666664,1,0.0
05315,1,0.041666666666666664,1,0.0
05318,2,0.08333333333333333,3,0.6931471805599453
05321,1,0.041666666666666664,1,3.258096538021482
05347,1,0.041666666666666664,1,0.0
05353,0,0.0,0,0.0
05360,3,0.125,5,1.791759469228055
05361,2,0.08333333333333333,4,0.0
05364,2,0.08333333333333333,2,0.0
05368,0,0.0,0,0.0
05376,4,0.16666666666666666,8,0.0
05380,6,0.25,7,4.02535169073515
05390,2,0.08333333333333333,2,2.302585092994046
05400,0,0.0,0,0.0
05411,2,0.08333333333333333,2,5.420534999272286
05425,0,0.0,0,0.0
05440,3,0.125,3,0.0
05467,0,0.0,0,0.0
05475,2,0.08333333333333333,2,0.0
05480,1,0.041666666666666664,1,0.0
05483,1,0.041666666666666664,1,3.4339872044851463
05490,5,0.20833333333333334,6,4.394449154672439
05495,3,0.125,3,8.294299608857235
05501,1,0.041666666666666664,1,4.795790545596741
05541,1,0.041666666666666664,1,5.638354669333745
05543,0,0.0,0,0.0
05576,1,0.041666666666666664,1,3.9318256327243257
05579,2,0.08333333333333333,2,5.081404364984463
05585,0,0.0,0,0.0
05591,4,0.16666666666666666,6,6.429719478039138
05604,5,0.20833333333333334,7,6.240275845170769
05607,5,0.20833333333333334,5,0.0
05615,3,0.125,4,2.4849066497880004
05628,0,0.0,0,0.0
05631,2,0.08333333333333333,2,0.0
05642,6,0.25,8,7.56164174558878
05647,0,0.0,0,0.0
05649,2,0.08333333333333333,2,4.330733340286331
05652,7,0.2916666666666667,7,6.664409020350408
05656,2,0.08333333333333333,3,1.791759469228055
05658,0,0.0,0,0.0
05659,1,0.041666666666666664,1,0.0
05660,3,0.125,3,5.049856007249537
05664,3,0.125,3,3.58351893845611
05665,1,0.041666666666666664,1,3.9318256327243257
05667,2,0.08333333333333333,2,4.836281906951478
05670,3,0.125,3,6.133398042996649
05674,1,0.041666666666666664,1,8.01102337918644
05679,5,0.20833333333333334,6,6.68586094706836
05686,3,0.125,4,1.791759469228055
05690,0,0.0,0,0.0
05697,2,0.08333333333333333,3,6.621405651764134
05736,4,0.16666666666666666,4,6.78897174299217
05756,1,0.041666666666666664,1,6.16541785423142
05761,0,0.0,0,0.0
05789,1,0.041666666666666664,1,3.58351893845611
05790,1,0.041666666666666664,1,0.0
05792,0,0.0,0,0.0
05809,2,0.08333333333333333,2,0.0
05819,3,0.125,3,5.981414211254481
05837,5,0.20833333333333334,5,5.707110264748875
05842,6,0.25,7,6.52795791762255
05847,5,0.20833333333333334,5,3.9512437185814275
05854,2,0.08333333333333333,3,6.913737350659685
05856,0,0.0,0,0.0
05858,3,0.125,3,6.78105762593618
05861,1,0.041666666666666664,1,0.0
05873,0,0.0,0,0.0
05885,2,0.08333333333333333,2,1.0986122886681096
05887,4,0.16666666666666666,4,5.198497031265826
05890,3,0.125,3,0.0
05893,0,0.0,0,0.0
05895,2,0.08333333333333333,2,7.824445930877619
08001,11,0.4583333333333333,14,7.669961995473577
08078,2,0.08333333333333333,2,1.791759469228055
08137,5,0.20833333333333334,5,6.98100574072173
08141,3,0.125,3,7.22983877815125
08296,0,0.0,0,0.0
08372,4,0.16666666666666666,5,5.017279836814924
08421,6,0.25,8,8.225770799348734
08433,3,0.125,4,3.9318256327243257
08436,7,0.2916666666666667,11,8.11701408773731
08520,2,0.08333333333333333,2,6.3561076606958915
08549,1,0.041666666666666664,2,8.0507033814703
08558,0,0.0,0,0.0
08560,2,0.08333333333333333,2,6.226536669287466
08573,0,0.0,0,0.0
08606,3,0.125,5,3.58351893845611
08634,1,0.041666666666666664,1,5.017279836814924
08638,7,0.2916666666666667,12,8.350193650720067
08675,2,0.08333333333333333,2,5.303304908059076
08685,4,0.16666666666666666,4,3.044522437723423
08758,4,0.16666666666666666,4,7.568379267836522
08770,3,0.125,3,0.0
08832,2,0.08333333333333333,2,0.0
08849,2,0.08333333333333333,2,4.836281906951478
11001,15,0.625,45,7.692569648067906
13001,11,0.4583333333333333,20,7.502738210754851
13006,2,0.08333333333333333,2,3.258096538021482
13030,1,0.041666666666666664,1,8.160803920954665
13042,0,0.0,0,0.0
13052,2,0.08333333333333333,2,5.375278407684165
13062,0,0.0,0,0.0
13074,1,0.041666666666666664,1,4.61512051684126
13140,0,0.0,0,0.0
13160,0,0.0,0,0.0
13188,2,0.08333333333333333,2,6.042632833682381
13212,3,0.125,3,8.18757739559151
13222,1,0.041666666666666664,1,0.0
13244,2,0.08333333333333333,2,9.871274230171476
13248,2,0.08333333333333333,2,6.698268054115413
13268,4,0.16666666666666666,4,5.5254529391317835
13300,0,0.0,0,0.0
13430,1,0.041666666666666664,2,3.9318256327243257
13433,3,0.125,3,8.119993827725105
13440,0,0.0,0,0.0
13442,2,0.08333333333333333,2,0.0
13458,1,0.041666666666666664,1,8.87360810154911
13468,0,0.0,0,0.0
13473,1,0.041666666666666664,1,4.836281906951478
13490,3,0.125,4,0.0
13549,0,0.0,0,0.0
13580,2,0.08333333333333333,2,3.912023005428146
13600,1,0.041666666666666664,1,0.0
13620,0,0.0,0,0.0
13647,1,0.041666666666666664,1,3.044522437723423
13650,1,0.041666666666666664,1,5.993961427306569
13654,2,0.08333333333333333,2,6.2166061010848646
13655,3,0.125,3,3.713572066704308
13657,4,0.16666666666666666,4,5.459585514144159
13667,2,0.08333333333333333,2,6.55250788703459
13670,1,0.041666666666666664,1,5.953243334287785
13673,2,0.08333333333333333,2,7.824445930877619
13683,1,0.041666666666666664,1,6.54534966033442
13688,2,0.08333333333333333,2,0.0
13744,0,0.0,0,0.0
13760,0,0.0,0,0.0
13780,1,0.041666666666666664,1,4.6913478822291435
13810,0,0.0,0,0.0
13836,3,0.125,3,4.394449154672439
13838,0,0.0,0,0.0
13873,3,0.125,3,6.144185634125646
13894,2,0.08333333333333333,2,8.363109176033522
15001,6,0.25,8,2.3978952727983707
15022,2,0.08333333333333333,2,0.0
15047,11,0.4583333333333333,20,5.564520407322694
15051,1,0.041666666666666664,1,0.0
15087,3,0.125,3,0.0
15090,1,0.041666666666666664,1,0.0
15092,0,0.0,0,0.0
15097,5,0.20833333333333334,5,0.0
15104,1,0.041666666666666664,3,0.0
15106,0,0.0,0,0.0
15109,3,0.125,5,4.127134385045092
15114,1,0.041666666666666664,1,0.0
15131,1,0.041666666666666664,1,0.0
15135,0,0.0,0,0.0
15162,2,0.08333333333333333,2,0.0
15172,3,0.125,6,0.0
15176,6,0.25,10,0.0
15180,0,0.0,0,0.0
15183,2,0.08333333333333333,2,0.0
15185,0,0.0,0,0.0
15187,1,0.041666666666666664,1,0.0
15189,0,0.0,0,0.0
15204,3,0.125,4,0.0
15212,6,0.25,7,6.775366090936392
15215,4,0.16666666666666666,5,0.0
15218,3,0.125,3,0.0
15223,1,0.041666666666666664,1,7.2196420401307355
15224,1,0.041666666666666664,1,0.0
15226,3,0.125,3,0.0
15232,2,0.08333333333333333,2,2.1972245773362196
15236,2,0.08333333333333333,4,0.0
15238,8,0.3333333333333333,13,0.0
15244,0,0.0,0,0.0
15248,0,0.0,0,0.0
15272,3,0.125,3,0.0
15276,3,0.125,4,0.0
15293,3,0.125,3,0.0
15296,6,0.25,7,6.2166061010848646
15299,4,0.16666666666666666,6,0.0
15317,2,0.08333333333333333,2,0.0
15322,4,0.16666666666666666,4,0.0
15325,0,0.0,0,0.0
15332,1,0.041666666666666664,1,0.0
15362,0,0.0,0,0.0
15367,0,0.0,0,0.0
15368,0,0.0,0,0.0
15377,2,0.08333333333333333,2,0.0
15380,1,0.041666666666666664,1,0.0
15401,0,0.0,0,0.0
15403,2,0.08333333333333333,2,0.0
15407,4,0.16666666666666666,8,0.0
15425,1,0.041666666666666664,1,1.9459101490553132
15442,2,0.08333333333333333,2,0.0
15455,2,0.08333333333333333,2,0.0
15464,2,0.08333333333333333,2,0.0
15466,2,0.08333333333333333,4,0.0
15469,2,0.08333333333333333,3,1.0986122886681096
15476,2,0.08333333333333333,2,0.0
15480,1,0.041666666666666664,2,0.0
15491,8,0.3333333333333333,13,0.0
15494,0,0.0,0,0.0
15500,1,0.041666666666666664,1,0.0
15507,2,0.08333333333333333,2,0.6931471805599453
15511,1,0.041666666666666664,1,0.0
15514,1,0.041666666666666664,1,0.0
15516,10,0.4166666666666667,12,4.672828834461906
15518,1,0.041666666666666664,1,0.0
15522,0,0.0,0,0.0
15531,2,0.08333333333333333,2,6.042632833682381
15533,1,0.041666666666666664,1,0.0
15537,3,0.125,3,0.0
15542,3,0.125,3,0.0
15550,0,0.0,0,0.0
15572,7,0.2916666666666667,10,9.056373008678756
15580,5,0.20833333333333334,5,6.274762021241939
15599,3,0.125,5,0.0
15600,7,0.2916666666666667,14,0.6931471805599453
15621,0,0.0,0,0.0
15632,1,0.041666666666666664,1,0.0
15638,7,0.2916666666666667,8,0.0
15646,12,0.5,16,0.0
15660,2,0.08333333333333333,2,0.0
15664,1,0.041666666666666664,1,0.0
15667,2,0.08333333333333333,2,0.0
15673,3,0.125,6,0.0
15676,3,0.125,4,0.0
15681,0,0.0,0,0.0
15686,1,0.041666666666666664,1,4.912654885736052
15690,1,0.041666666666666664,1,0.0
15693,3,0.125,4,0.0
15696,3,0.125,3,0.0
15720,3,0.125,4,0.0
15723,0,0.0,0,0.0
15740,1,0.041666666666666664,1,0.0
15753,6,0.25,8,1.791759469228055
15755,3,0.125,3,0.0
15757,2,0.08333333333333333,2,0.0
15759,11,0.4583333333333333,16,4.189654742026425
15761,4,0.16666666666666666,5,0.0
15762,0,0.0,0,0.0
15763,5,0.20833333333333334,5,0.0
15764,1,0.041666666666666664,3,0.0
15774,5,0.20833333333333334,6,0.0
15776,2,0.08333333333333333,2,0.0
15778,3,0.125,3,0.0
15790,1,0.041666666666666664,1,0.0
15798,1,0.041666666666666664,1,0.0
15804,5,0.20833333333333334,6,0.0
15806,9,0.375,11,0.0
15808,5,0.20833333333333334,5,0.0
15810,0,0.0,0,0.0
15814,0,0.0,0,0.0
15816,1,0.041666666666666664,1,1.3862943611198906
15820,2,0.08333333333333333,3,0.0
15822,1,0.041666666666666664,1,0.0
15832,0,0.0,0,0.0
15835,1,0.041666666666666664,1,0.0
15837,2,0.08333333333333333,2,0.0
15839,0,0.0,0,0.0
15842,2,0.08333333333333333,2,1.0986122886681096
15861,2,0.08333333333333333,2,0.0
15879,1,0.041666666666666664,1,0.0
15897,1,0.041666666666666664,1,0.0
17001,7,0.2916666666666667,8,5.209486152841421
17013,3,0.125,3,5.8888779583328805
17042,7,0.2916666666666667,13,5.5254529391317835
17050,2,0.08333333333333333,3,2.772588722239781
17088,1,0.041666666666666664,1,6.222576268071369
17174,3,0.125,5,0.0
17272,5,0.20833333333333334,6,4.653960350157523
17380,4,0.16666666666666666,8,6.520621127558696
17388,5,0.20833333333333334,5,6.186208623900494
17433,5,0.20833333333333334,5,8.02322468471667
17442,1,0.041666666666666664,1,0.0
17444,5,0.20833333333333334,5,6.354370040797351
17446,2,0.08333333333333333,2,6.2166061010848646
17486,4,0.16666666666666666,5,0.0
17495,0,0.0,0,0.0
17513,1,0.041666666666666664,1,4.61512051684126
17524,1,0.041666666666666664,1,0.0
17541,8,0.3333333333333333,10,7.430707082545968
17614,5,0.20833333333333334,5,6.70196036600254
17616,3,0.125,3,3.044522437723423
17653,3,0.125,3,3.58351893845611
17662,6,0.25,7,1.6094379124341003
17665,0,0.0,0,0.0
17777,0,0.0,0,0.0
17867,1,0.041666666666666664,2,0.0
17873,4,0.16666666666666666,5,1.9459101490553132
17877,1,0.041666666666666664,1,0.0
18001,13,0.5416666666666666,28,9.261318616740812
18029,0,0.0,0,0.0
18094,3,0.125,3,6.373319789577012
18150,1,0.041666666666666664,2,6.522092798170152
18205,1,0.041666666666666664,1,6.803505257608338
18247,2,0.08333333333333333,2,6.85751406254539
18256,2,0.08333333333333333,2,5.303304908059076
18410,1,0.041666666666666664,1,5.5254529391317835
18460,0,0.0,0,0.0
18479,1,0.041666666666666664,1,0.0
18592,2,0.08333333333333333,2,6.338594078203183
18610,4,0.16666666666666666,4,6.947937068614969
18753,3,0.125,3,6.962243464266207
18756,3,0.125,3,7.65491704784832
18785,3,0.125,4,8.364275084991524
18860,1,0.041666666666666664,1,0.0
19001,11,0.4583333333333333,22,7.692113339595466
19022,5,0.20833333333333334,6,4.948759890378168
19050,5,0.20833333333333334,6,5.929589143389895
19075,6,0.25,8,9.262648151599528
19100,5,0.20833333333333334,7,9.241935933565934
19110,6,0.25,7,7.579678823090456
19130,11,0.4583333333333333,16,8.270269111436624
19137,8,0.3333333333333333,11,8.259199362666282
19142,4,0.16666666666666666,6,5.262690188904886
19212,4,0.16666666666666666,5,7.01301578963963
19256,11,0.4583333333333333,13,8.77971129020447
19290,1,0.041666666666666664,1,0.0
19300,2,0.08333333333333333,2,5.981414211254481
19318,3,0.125,4,9.188708071849069
19355,4,0.16666666666666666,6,5.3230099791384085
19364,2,0.08333333333333333,2,0.0
19392,10,0.4166666666666667,15,9.310547632393208
19397,2,0.08333333333333333,4,5.755742213586912
19418,5,0.20833333333333334,6,8.34972083747249
19450,7,0.2916666666666667,12,9.389908140573516
19455,7,0.2916666666666667,8,7.057897937411856
19473,10,0.4166666666666667,15,9.18686701579054
19513,0,0.0,0,0.0
19517,1,0.041666666666666664,1,5.8888779583328805
19532,4,0.16666666666666666,4,10.624979206105216
19533,5,0.20833333333333334,7,8.591929537530255
19548,6,0.25,6,9.36314729221994
19573,0,0.0,0,0.0
19585,4,0.16666666666666666,5,4.795790545596741
19622,5,0.20833333333333334,6,7.333023014386481
19693,3,0.125,3,7.827639546366422
19698,7,0.2916666666666667,9,6.947937068614969
19701,9,0.375,10,8.034631032923107
19743,7,0.2916666666666667,9,6.8501261661455
19760,4,0.16666666666666666,4,4.51085950651685
19780,5,0.20833333333333334,6,6.90875477931522
19785,4,0.16666666666666666,7,8.19863945529737
19807,11,0.4583333333333333,18,8.3774712482411
19809,6,0.25,8,10.900491536449458
19821,3,0.125,3,3.828641396489095
19824,2,0.08333333333333333,2,4.812184355372417
19845,1,0.041666666666666664,1,5.303304908059076
20001,14,0.5833333333333334,40,5.375278407684165
20011,8,0.3333333333333333,13,7.340835554123275
20013,3,0.125,3,0.0
20032,4,0.16666666666666666,4,6.898714534329988
20045,1,0.041666666666666664,1,0.0
20060,4,0.16666666666666666,4,7.396948602621014
20175,4,0.16666666666666666,5,6.364750756851911
20178,3,0.125,3,6.586171654854675
20228,4,0.16666666666666666,6,0.0
20238,4,0.16666666666666666,7,6.698268054115413
20250,1,0.041666666666666664,1,0.0
20295,2,0.08333333333333333,2,5.8888779583328805
20310,1,0.041666666666666664,1,0.0
20383,4,0.16666666666666666,7,8.169336395928386
20400,5,0.20833333333333334,6,4.836281906951478
20443,0,0.0,0,0.0
20517,3,0.125,3,5.673323267171493
20550,1,0.041666666666666664,1,3.4339872044851463
20570,6,0.25,7,4.330733340286331
20614,3,0.125,3,0.0
20621,3,0.125,4,5.075173815233827
20710,7,0.2916666666666667,7,8.057060681965766
20750,2,0.08333333333333333,3,4.454347296253507
20770,4,0.16666666666666666,4,5.017279836814924
20787,6,0.25,8,8.556029215201436
23001,9,0.375,10,6.431331081933479
23068,2,0.08333333333333333,3,7.418180822726788
23079,3,0.125,3,8.301025253838453
23090,0,0.0,0,0.0
23162,3,0.125,4,8.905308661189288
23168,1,0.041666666666666664,1,5.4638318050256105
23182,0,0.0,0,0.0
23189,1,0.041666666666666664,1,0.0
23300,2,0.08333333333333333,2,5.786897381366708
23350,2,0.08333333333333333,2,7.877017895622398
23417,3,0.125,3,0.0
23419,5,0.20833333333333334,5,8.242756345714477
23464,0,0.0,0,0.0
23466,2,0.08333333333333333,5,9.203416456903359
23500,2,0.08333333333333333,2,8.46821300919452
23555,3,0.125,4,2.3978952727983707
23570,1,0.041666666666666664,2,7.441906728051625
23574,5,0.20833333333333334,5,8.166500319155052
23580,5,0.20833333333333334,5,9.181529290122063
23586,0,0.0,0,0.0
23660,6,0.25,6,8.462948176563842
23670,0,0.0,0,0.0
23672,1,0.041666666666666664,1,0.0
23675,3,0.125,3,8.507344855361422
23678,0,0.0,0,0.0
23682,0,0.0,0,0.0
23686,1,0.041666666666666664,1,9.32375833901174
23807,9,0.375,12,8.205491613120236
23815,0,0.0,0,0.0
23855,1,0.041666666666666664,1,4.836281906951478
25001,4,0.16666666666666666,4,3.367295829986474
25019,4,0.16666666666666666,5,0.0
25035,8,0.3333333333333333,11,3.258096538021482
25040,3,0.125,3,4.7535901911063645
25053,2,0.08333333333333333,4,0.0
25086,2,0.08333333333333333,2,0.0
25095,3,0.125,3,0.0
25099,3,0.125,8,0.0
25120,1,0.041666666666666664,1,0.0
25123,2,0.08333333333333333,2,0.0
25126,2,0.08333333333333333,2,2.5649493574615367
25148,13,0.5416666666666666,25,5.786897381366708
25151,4,0.16666666666666666,10,0.0
25154,3,0.125,3,0.0
25168,2,0.08333333333333333,5,0.0
25175,3,0.125,3,0.0
25178,1,0.041666666666666664,1,0.0
25181,4,0.16666666666666666,4,0.0
25183,6,0.25,8,3.044522437723423
25200,4,0.16666666666666666,4,0.0
25214,3,0.125,3,3.258096538021482
25224,7,0.2916666666666667,11,0.6931471805599453
25245,4,0.16666666666666666,4,0.0
25258,4,0.16666666666666666,6,3.258096538021482
25260,0,0.0,0,0.0
25269,6,0.25,10,5.351858133476067
25279,2,0.08333333333333333,3,0.0
25281,3,0.125,4,6.398594934535208
25286,2,0.08333333333333333,2,0.0
25288,9,0.375,9,0.0
25290,10,0.4166666666666667,27,6.747586526829315
25293,2,0.08333333333333333,3,0.0
25295,3,0.125,3,0.0
25297,7,0.2916666666666667,9,0.0
25299,4,0.16666666666666666,8,0.0
25307,8,0.3333333333333333,19,4.564348191467836
25312,1,0.041666666666666664,1,0.0
25317,13,0.5416666666666666,21,1.6094379124341003
25320,11,0.4583333333333333,30,2.8903717578961645
25322,3,0.125,3,0.0
25324,2,0.08333333333333333,2,0.0
25326,6,0.25,6,0.0
25328,3,0.125,6,1.3862943611198906
25335,9,0.375,12,4.976733742420574
25339,3,0.125,3,4.02535169073515
25368,2,0.08333333333333333,3,3.9318256327243257
25372,8,0.3333333333333333,14,4.110873864173311
25377,5,0.20833333333333334,15,5.739792912179234
25386,14,0.5833333333333334,50,5.049856007249537
25394,8,0.3333333333333333,12,4.859812404361672
25398,8,0.3333333333333333,12,5.713732805509369
25402,7,0.2916666666666667,26,0.0
25407,3,0.125,6,0.0
25426,3,0.125,3,2.772588722239781
25430,3,0.125,3,0.0
25436,8,0.3333333333333333,12,5.5254529391317835
25438,2,0.08333333333333333,2,5.0238805208462765
25473,3,0.125,4,5.159055299214529
25483,1,0.041666666666666664,1,0.0
25486,4,0.16666666666666666,4,0.0
25488,8,0.3333333333333333,19,0.0
25489,3,0.125,4,0.0
25491,6,0.25,9,5.739792912179234
25506,2,0.08333333333333333,3,1.791759469228055
25513,16,0.6666666666666666,56,4.912654885736052
25518,2,0.08333333333333333,2,0.0
25524,3,0.125,5,3.8918202981106265
25530,2,0.08333333333333333,2,0.0
25535,3,0.125,3,3.713572066704308
25572,8,0.3333333333333333,17,7.682943169878292
25580,1,0.041666666666666664,4,0.0
25592,8,0.3333333333333333,15,5.703782474656201
25594,5,0.20833333333333334,5,5.3981627015177525
25596,4,0.16666666666666666,5,2.639057329615259
25599,6,0.25,7,0.0
25612,10,0.4166666666666667,18,5.049856007249537
25645,4,0.16666666666666666,5,5.303304908059076
25649,0,0.0,0,0.0
25653,3,0.125,4,0.0
25658,4,0.16666666666666666,4,0.0
25662,5,0.20833333333333334,13,1.0986122886681096
25718,3,0.125,9,0.0
25736,2,0.08333333333333333,2,1.791759469228055
25740,9,0.375,22,5.707110264748875
25743,5,0.20833333333333334,7,1.6094379124341003
25745,2,0.08333333333333333,2,0.0
25754,16,0.6666666666666666,34,6.4457198193855785
25758,2,0.08333333333333333,2,0.0
25769,1,0.041666666666666664,1,0.0
25772,3,0.125,5,0.0
25777,3,0.125,5,0.0
25779,4,0.16666666666666666,6,0.0
25781,5,0.20833333333333334,5,2.1972245773362196
25785,1,0.041666666666666664,1,0.0
25793,3,0.125,4,0.0
25797,4,0.16666666666666666,6,0.0
25799,3,0.125,4,0.0
25805,4,0.16666666666666666,4,3.9318256327243257
25807,6,0.25,10,0.0
25815,8,0.3333333333333333,16,1.6094379124341003
25817,3,0.125,3,0.0
25823,3,0.125,3,4.795790545596741
25839,6,0.25,8,3.1354942159291497
25841,1,0.041666666666666664,1,0.0
25843,11,0.4583333333333333,17,2.1972245773362196
25845,1,0.041666666666666664,1,0.0
25851,6,0.25,9,5.545177444479562
25862,5,0.20833333333333334,6,3.1354942159291497
25867,3,0.125,4,0.0
25871,8,0.3333333333333333,10,5.976350909297934
25873,5,0.20833333333333334,5,3.2188758248682006
25875,13,0.5416666666666666,30,3.784189633918261
25878,6,0.25,14,6.913737350659685
25885,4,0.16666666666666666,6,5.937536205082426
25898,2,0.08333333333333333,2,0.0
25899,3,0.125,4,0.0
27001,14,0.5833333333333334,26,6.911747300251674
27006,4,0.16666666666666666,4,6.8416154764775925
27025,7,0.2916666666666667,7,9.659248037927183
27050,3,0.125,3,7.21890970761906
27073,0,0.0,0,0.0
27075,2,0.08333333333333333,2,0.0
27077,4,0.16666666666666666,4,7.586803535162581
27099,2,0.08333333333333333,2,9.320180837655714
27135,3,0.125,3,9.093357016490364
27150,4,0.16666666666666666,4,7.703459047867175
27160,1,0.041666666666666664,1,5.602118820879701
27205,1,0.041666666666666664,1,8.147867129923947
27245,0,0.0,0,0.0
27250,2,0.08333333333333333,2,6.8308742346461795
27361,7,0.2916666666666667,9,4.48863636973214
27372,2,0.08333333333333333,2,7.955425088912672
27413,2,0.08333333333333333,2,6.2166061010848646
27425,5,0.20833333333333334,6,9.391661428436553
27430,9,0.375,10,10.442317372711717
27450,3,0.125,3,7.841492924460013
27491,0,0.0,0,0.0
27493,0,0.0,0,0.0
27495,0,0.0,0,0.0
27580,1,0.041666666666666664,1,7.3783837129967145
27600,2,0.08333333333333333,2,8.289288323000317
27615,8,0.3333333333333333,9,9.6956020036109
27660,0,0.0,0,0.0
27745,2,0.08333333333333333,3,8.79346036105272
27787,1,0.041666666666666664,2,7.255591274253665
27800,6,0.25,7,8.475537516147405
27810,0,0.0,0,0.0
41001,14,0.5833333333333334,50,2.772588722239781
41006,5,0.20833333333333334,7,2.4849066497880004
41013,10,0.4166666666666667,14,5.62040086571715
41016,10,0.4166666666666667,21,0.0
41020,3,0.125,3,1.0986122886681096
41026,3,0.125,3,4.2626798770413155
41078,4,0.16666666666666666,5,2.772588722239781
41132,7,0.2916666666666667,15,5.605802066295998
41206,4,0.16666666666666666,5,0.0
41244,1,0.041666666666666664,1,0.0
41298,7,0.2916666666666667,14,0.0
41306,8,0.3333333333333333,13,5.049856007249537
41319,6,0.25,7,4.948759890378168
41349,6,0.25,10,0.0
41357,7,0.2916666666666667,8,3.044522437723423
41359,6,0.25,7,4.394449154672439
41378,3,0.125,3,3.044522437723423
41396,7,0.2916666666666667,12,4.127134385045092
41483,6,0.25,12,3.828641396489095
41503,2,0.08333333333333333,2,4.330733340286331
41518,12,0.5,20,4.454347296253507
41524,13,0.5416666666666666,46,3.1354942159291497
41530,1,0.041666666666666664,1,5.484796933490655
41548,5,0.20833333333333334,12,1.791759469228055
41551,7,0.2916666666666667,10,5.081404364984463
41615,13,0.5416666666666666,44,0.0
41660,2,0.08333333333333333,2,4.189654742026425
41668,7,0.2916666666666667,8,5.988961416889864
41676,7,0.2916666666666667,10,3.258096538021482
41770,9,0.375,11,5.771441123130016
41791,5,0.20833333333333334,8,5.3981627015177525
41797,8,0.3333333333333333,14,5.420534999272286
41799,6,0.25,10,0.0
41801,6,0.25,19,3.258096538021482
41807,11,0.4583333333333333,16,4.51085950651685
41872,3,0.125,6,0.0
41885,13,0.5416666666666666,18,1.791759469228055
44001,7,0.2916666666666667,8,6.3473892096560105
44035,3,0.125,5,0.0
44078,2,0.08333333333333333,2,5.755742213586912
44090,8,0.3333333333333333,12,5.25227342804663
44098,1,0.041666666666666664,1,0.0
44110,0,0.0,0,0.0
44279,5,0.20833333333333334,5,2.833213344056216
44378,1,0.041666666666666664,2,0.0
44420,0,0.0,0,0.0
44430,2,0.08333333333333333,4,3.9318256327243257
44560,2,0.08333333333333333,2,8.517393171418904
44650,2,0.08333333333333333,2,0.0
44847,1,0.041666666666666664,1,12.245298166364206
44855,0,0.0,0,0.0
44874,1,0.041666666666666664,1,0.0
47001,16,0.6666666666666666,19,8.768885326134864
47030,3,0.125,3,6.447305862541213
47053,4,0.16666666666666666,4,8.46611040118692
47058,1,0.041666666666666664,1,6.2166061010848646
47161,2,0.08333333333333333,2,7.237778191923443
47170,1,0.041666666666666664,2,4.564348191467836
47189,13,0.5416666666666666,33,0.0
47205,5,0.20833333333333334,5,7.189922170745808
47245,2,0.08333333333333333,4,0.0
47258,3,0.125,3,5.84354441703136
47268,2,0.08333333333333333,2,8.294299608857235
47288,7,0.2916666666666667,8,10.287286297671224
47318,0,0.0,0,0.0
47460,1,0.041666666666666664,1,1.9459101490553132
47541,2,0.08333333333333333,2,5.739792912179234
47545,0,0.0,0,0.0
47551,3,0.125,3,4.189654742026425
47555,2,0.08333333333333333,2,5.739792912179234
47570,5,0.20833333333333334,5,0.0
47605,3,0.125,3,8.46821300919452
47660,0,0.0,0,0.0
47675,3,0.125,3,4.61512051684126
47692,1,0.041666666666666664,1,4.454347296253507
47703,0,0.0,0,0.0
47707,1,0.041666666666666664,1,4.394449154672439
47720,1,0.041666666666666664,1,0.0
47745,6,0.25,13,0.6931471805599453
47798,2,0.08333333333333333,2,6.111467339502679
47960,1,0.041666666666666664,1,0.0
47980,12,0.5,18,7.052721049232323
50001,15,0.625,27,8.143226750367443
50006,2,0.08333333333333333,2,5.707110264748875
50110,1,0.041666666666666664,1,0.0
50124,3,0.125,3,5.955837369464831
50150,1,0.041666666666666664,1,0.0
50223,2,0.08333333333333333,2,7.115582126184454
50226,2,0.08333333333333333,2,4.709530201312334
50245,0,0.0,0,0.0
50251,5,0.20833333333333334,6,8.448700194970938
50270,2,0.08333333333333333,2,7.440733707389261
50287,3,0.125,3,2.833213344056216
50313,5,0.20833333333333334,9,6.054439346269371
50318,3,0.125,3,5.327876168789581
50325,1,0.041666666666666664,1,0.0
50330,0,0.0,0,0.0
50350,4,0.16666666666666666,8,4.110873864173311
50370,0,0.0,0,0.0
50400,3,0.125,3,0.0
50450,0,0.0,0,0.0
50568,6,0.25,8,6.75110146893676
50573,11,0.4583333333333333,33,5.278114659230518
50577,3,0.125,3,7.856319571406588
50590,4,0.16666666666666666,4,0.0
50606,1,0.041666666666666664,3,0.0
50680,0,0.0,0,0.0
50683,1,0.041666666666666664,1,2.772588722239781
50686,1,0.041666666666666664,1,0.0
50689,1,0.041666666666666664,1,5.771441123130016
50711,1,0.041666666666666664,1,5.303304908059076
52001,11,0.4583333333333333,19,7.6577552711348655
52019,1,0.041666666666666664,1,0.0
52022,0,0.0,0,0.0
52036,5,0.20833333333333334,8,7.421177528595393
52051,2,0.08333333333333333,3,6.675823221634848
52079,8,0.3333333333333333,8,7.5126175446745105
52083,0,0.0,0,0.0
52110,2,0.08333333333333333,3,3.6635616461296463
52203,0,0.0,0,0.0
52207,6,0.25,9,0.0
52210,1,0.041666666666666664,1,0.0
52215,2,0.08333333333333333,2,7.484930283289661
52224,0,0.0,0,0.0
52227,2,0.08333333333333333,3,0.0
52233,5,0.20833333333333334,5,7.652070746116482
52240,3,0.125,8,2.995732273553991
52250,2,0.08333333333333333,3,6.53813982376767
52254,0,0.0,0,0.0
52256,4,0.16666666666666666,6,0.0
52258,1,0.041666666666666664,1,0.0
52260,4,0.16666666666666666,6,0.0
52287,2,0.08333333333333333,3,0.0
52317,0,0.0,0,0.0
52320,1,0.041666666666666664,1,5.5254529391317835
52323,2,0.08333333333333333,2,0.0
52352,3,0.125,3,1.791759469228055
52354,0,0.0,0,0.0
52356,5,0.20833333333333334,7,6.063785208687608
52378,2,0.08333333333333333,2,4.110873864173311
52381,2,0.08333333333333333,2,0.0
52385,3,0.125,3,0.0
52390,0,0.0,0,0.0
52399,3,0.125,3,4.330733340286331
52405,4,0.16666666666666666,5,4.574710978503383
52411,0,0.0,0,0.0
52418,6,0.25,7,5.135798437050262
52427,6,0.25,7,8.747828608488742
52435,4,0.16666666666666666,4,5.7745515455444085
52473,1,0.041666666666666664,1,9.32375833901174
52480,4,0.16666666666666666,4,0.0
52490,1,0.041666666666666664,2,7.199678345691172
52506,0,0.0,0,0.0
52520,0,0.0,0,0.0
52540,1,0.041666666666666664,1,0.0
52560,1,0.041666666666666664,1,8.75004942158424
52565,1,0.041666666666666664,1,0.0
52573,4,0.16666666666666666,4,0.0
52585,0,0.0,0,0.0
52612,2,0.08333333333333333,2,1.791759469228055
52621,5,0.20833333333333334,6,6.255750041753367
52678,2,0.08333333333333333,2,0.0
52683,3,0.125,4,8.263848131368906
52685,1,0.041666666666666664,3,0.0
52687,1,0.041666666666666664,1,0.0
52693,3,0.125,4,2.70805020110221
52694,1,0.041666666666666664,1,0.0
52696,1,0.041666666666666664,1,5.056245805348308
52699,0,0.0,0,0.0
52720,0,0.0,0,0.0
52786,3,0.125,6,3.4339872044851463
52788,1,0.041666666666666664,2,1.9459101490553132
52835,4,0.16666666666666666,5,7.421177528595393
52838,3,0.125,6,5.424950017481403
52885,2,0.08333333333333333,2,0.0
54001,9,0.375,14,0.0
54003,8,0.3333333333333333,9,0.0
54051,1,0.041666666666666664,1,0.0
54099,3,0.125,3,0.0
54109,4,0.16666666666666666,6,1.0986122886681096
54125,3,0.125,3,6.957497370876951
54128,1,0.041666666666666664,1,5.746203190540153
54172,6,0.25,7,0.0
54174,4,0.16666666666666666,5,6.85751406254539
54206,1,0.041666666666666664,1,0.0
54223,2,0.08333333333333333,2,0.0
54239,6,0.25,8,0.0
54245,3,0.125,3,3.9889840465642745
54250,0,0.0,0,0.0
54261,9,0.375,12,1.3862943611198906
54313,13,0.5416666666666666,15,0.0
54344,3,0.125,4,0.0
54347,1,0.041666666666666664,1,0.0
54377,5,0.20833333333333334,8,7.472500744737558
54385,1,0.041666666666666664,1,3.044522437723423
54398,6,0.25,7,0.0
54405,1,0.041666666666666664,1,0.0
54418,1,0.041666666666666664,1,0.0
54480,0,0.0,0,0.0
54498,4,0.16666666666666666,4,5.771441123130016
54518,8,0.3333333333333333,8,1.0986122886681096
54520,1,0.041666666666666664,1,0.0
54553,0,0.0,0,0.0
54599,3,0.125,3,0.0
54660,2,0.08333333333333333,3,0.0
54670,3,0.125,4,5.863631175598097
54673,5,0.20833333333333334,5,0.0
54680,3,0.125,3,0.0
54720,4,0.16666666666666666,11,0.6931471805599453
54743,1,0.041666666666666664,1,5.017279836814924
54800,2,0.08333333333333333,3,0.0
54810,4,0.16666666666666666,6,6.401917196727186
54820,5,0.20833333333333334,6,7.304515946460155
54871,3,0.125,3,0.0
54874,1,0.041666666666666664,1,0.0
63001,23,0.9583333333333334,51,7.928045600874777
63111,1,0.041666666666666664,1,0.0
63130,11,0.4583333333333333,11,5.568344503761097
63190,5,0.20833333333333334,7,6.516193076042964
63212,2,0.08333333333333333,2,0.0
63272,2,0.08333333333333333,2,0.0
63302,5,0.20833333333333334,8,2.772588722239781
63401,3,0.125,3,4.890349128221754
63470,6,0.25,6,8.105005537547246
63548,4,0.16666666666666666,5,3.044522437723423
63594,5,0.20833333333333334,6,5.111987788356544
63690,5,0.20833333333333334,7,4.394449154672439
66001,18,0.75,29,7.6953031349635665
66045,11,0.4583333333333333,13,6.373319789577012
66075,12,0.5,20,5.545177444479562
66088,7,0.2916666666666667,11,4.663439094112067
66170,15,0.625,20,8.13622555490846
66318,9,0.375,13,4.912654885736052
66383,10,0.4166666666666667,16,6.222576268071369
66400,9,0.375,10,7.244941546337007
66440,14,0.5833333333333334,14,4.890349128221754
66456,8,0.3333333333333333,10,5.5053315359323625
66572,3,0.125,3,2.8903717578961645
66594,11,0.4583333333333333,23,3.7612001156935624
66682,9,0.375,13,7.1204443723924875
66687,9,0.375,10,4.48863636973214
68001,15,0.625,55,8.01829613851552
68013,0,0.0,0,0.0
68020,2,0.08333333333333333,2,0.0
68051,8,0.3333333333333333,9,6.46302945692067
68077,3,0.125,3,0.0
68079,1,0.041666666666666664,2,0.0
68081,5,0.20833333333333334,6,6.873163834212518
68092,5,0.20833333333333334,7,2.3978952727983707
68101,1,0.041666666666666664,1,0.0
68121,1,0.041666666666666664,1,0.0
68132,0,0.0,0,0.0
68147,2,0.08333333333333333,2,0.0
68152,0,0.0,0,0.0
68160,3,0.125,3,0.0
68162,2,0.08333333333333333,2,4.948759890378168
68167,7,0.2916666666666667,7,2.772588722239781
68169,2,0.08333333333333333,2,0.0
68176,4,0.16666666666666666,4,3.258096538021482
68179,2,0.08333333333333333,2,0.0
68190,2,0.08333333333333333,2,0.0
68207,0,0.0,0,0.0
68209,0,0.0,0,0.0
68211,1,0.041666666666666664,1,0.0
68217,7,0.2916666666666667,14,0.0
68229,6,0.25,7,1.0986122886681096
68235,1,0.041666666666666664,1,6.660575149839686
68245,5,0.20833333333333334,6,1.791759469228055
68250,1,0.041666666666666664,1,6.2166061010848646
68255,5,0.20833333333333334,9,6.042632833682381
68264,3,0.125,4,4.189654742026425
68266,2,0.08333333333333333,2,0.0
68271,0,0.0,0,0.0
68276,7,0.2916666666666667,7,3.258096538021482
68296,3,0.125,3,0.0
68298,5,0.20833333333333334,6,0.0
68307,10,0.4166666666666667,20,6.144185634125646
68318,1,0.041666666666666664,1,0.0
68320,1,0.041666666666666664,1,0.0
68322,0,0.0,0,0.0
68324,2,0.08333333333333333,2,0.0
68327,0,0.0,0,0.0
68344,1,0.041666666666666664,1,0.0
68368,0,0.0,0,0.0
68370,1,0.041666666666666664,1,0.0
68377,1,0.041666666666666664,1,5.170483995038151
68385,1,0.041666666666666664,1,6.447305862541213
68397,0,0.0,0,0.0
68406,4,0.16666666666666666,6,1.791759469228055
68418,7,0.2916666666666667,9,9.30801139914963
68425,2,0.08333333333333333,2,0.0
68432,2,0.08333333333333333,2,3.4339872044851463
68444,2,0.08333333333333333,2,0.0
68464,3,0.125,3,2.3978952727983707
68468,3,0.125,3,0.0
68498,2,0.08333333333333333,2,6.236369590203704
68500,2,0.08333333333333333,2,0.0
68502,6,0.25,7,0.0
68522,2,0.08333333333333333,3,0.0
68524,1,0.041666666666666664,1,5.87493073085203
68533,3,0.125,3,3.713572066704308
68547,12,0.5,20,5.697093486505405
68549,1,0.041666666666666664,2,0.0
68572,2,0.08333333333333333,2,0.0
68573,2,0.08333333333333333,3,6.852242569051878
68575,7,0.2916666666666667,17,5.707110264748875
68615,3,0.125,4,3.9318256327243257
68655,8,0.3333333333333333,28,3.044522437723423
68669,2,0.08333333333333333,2,0.0
68673,0,0.0,0,0.0
68679,3,0.125,3,5.049856007249537
68682,2,0.08333333333333333,3,0.0
68684,2,0.08333333333333333,2,0.0
68686,0,0.0,0,0.0
68689,9,0.375,12,3.295836866004329
68705,1,0.041666666666666664,1,0.0
68720,0,0.0,0,0.0
68745,1,0.041666666666666664,3,0.0
68755,1,0.041666666666666664,1,5.375278407684165
68770,3,0.125,3,0.0
68773,0,0.0,0,0.0
68780,4,0.16666666666666666,4,0.0
68820,3,0.125,3,0.0
68855,4,0.16666666666666666,4,0.0
68861,5,0.20833333333333334,6,4.61512051684126
68867,2,0.08333333333333333,2,1.791759469228055
68872,2,0.08333333333333333,2,0.0
68895,1,0.041666666666666664,1,3.713572066704308
70001,9,0.375,10,8.223358899479258
70110,1,0.041666666666666664,1,0.0
70124,2,0.08333333333333333,3,7.346655163176539
70204,0,0.0,0,0.0
70215,3,0.125,3,5.220355825078325
70221,2,0.08333333333333333,2,0.0
70230,1,0.041666666666666664,1,4.553876891600541
70233,0,0.0,0,0.0
70235,5,0.20833333333333334,6,6.803505257608338
70265,6,0.25,7,1.791759469228055
70400,2,0.08333333333333333,2,7.8826922062890254
70418,1,0.041666666666666664,1,3.9318256327243257
70429,2,0.08333333333333333,2,6.679599185844383
70473,1,0.041666666666666664,1,0.0
70508,4,0.16666666666666666,4,6.326149473155099
70523,0,0.0,0,0.0
70670,5,0.20833333333333334,5,6.2422232654551655
70678,3,0.125,3,8.100464891029363
70702,1,0.041666666666666664,1,6.144185634125646
70708,2,0.08333333333333333,2,4.90527477843843
70713,0,0.0,0,0.0
70717,1,0.041666666666666664,1,4.51085950651685
70742,2,0.08333333333333333,2,4.709530201312334
70771,4,0.16666666666666666,4,7.365180126021013
70820,5,0.20833333333333334,7,7.4133673356952405
70823,2,0.08333333333333333,2,6.434546518787453
73001,18,0.75,64,6.066108090103747
73024,2,0.08333333333333333,2,0.0
73026,7,0.2916666666666667,8,2.772588722239781
73030,3,0.125,3,0.0
73043,4,0.16666666666666666,7,4.955827057601261
73055,10,0.4166666666666667,24,0.0
73067,11,0.4583333333333333,20,3.9318256327243257
73124,14,0.5833333333333334,19,5.796057750765372
73148,15,0.625,52,2.772588722239781
73152,2,0.08333333333333333,2,0.0
73168,9,0.375,18,3.044522437723423
73200,10,0.4166666666666667,19,4.875197323201151
73217,6,0.25,9,0.0
73226,8,0.3333333333333333,16,6.133398042996649
73236,2,0.08333333333333333,3,2.639057329615259
73268,11,0.4583333333333333,34,4.110873864173311
73270,8,0.3333333333333333,8,5.14166355650266
73275,8,0.3333333333333333,11,7.8674885686991285
73283,10,0.4166666666666667,16,3.58351893845611
73319,12,0.5,41,5.62040086571715
73347,6,0.25,8,4.007333185232471
73349,12,0.5,24,3.258096538021482
73352,6,0.25,10,5.968707559985366
73408,7,0.2916666666666667,18,3.044522437723423
73411,17,0.7083333333333334,35,6.405228458030842
73443,6,0.25,8,4.762173934797756
73449,13,0.5416666666666666,23,4.110873864173311
73461,6,0.25,7,0.0
73483,9,0.375,19,0.0
73504,9,0.375,23,1.791759469228055
73520,6,0.25,6,4.406719247264253
73547,2,0.08333333333333333,2,0.0
73555,7,0.2916666666666667,9,5.4638318050256105
73563,7,0.2916666666666667,9,5.111987788356544
73585,11,0.4583333333333333,34,0.6931471805599453
73616,2,0.08333333333333333,2,1.791759469228055
73622,1,0.041666666666666664,1,0.0
73624,5,0.20833333333333334,11,0.0
73671,8,0.3333333333333333,14,3.258096538021482
73675,7,0.2916666666666667,10,5.968707559985366
73678,6,0.25,9,0.0
73686,5,0.20833333333333334,7,3.8066624897703196
73770,6,0.25,8,0.0
73854,3,0.125,5,0.0
73861,9,0.375,20,4.454347296253507
73870,9,0.375,13,5.442417710521793
73873,8,0.3333333333333333,9,4.912654885736052
76001,15,0.625,36,3.332204510175204
76020,0,0.0,0,0.0
76036,4,0.16666666666666666,4,3.044522437723423
76041,3,0.125,3,0.0
76054,1,0.041666666666666664,1,5.860786223465865
76100,1,0.041666666666666664,1,0.0
76109,6,0.25,7,5.883322388488279
76111,1,0.041666666666666664,2,0.0
76113,6,0.25,7,7.336936913707618
76122,1,0.041666666666666664,1,3.258096538021482
76126,0,0.0,0,0.0
76130,2,0.08333333333333333,2,0.0
76147,9,0.375,11,5.030437921392435
76233,12,0.5,16,7.259116128097101
76243,4,0.16666666666666666,4,3.713572066704308
76246,2,0.08333333333333333,2,0.0
76248,3,0.125,4,2.70805020110221
76250,9,0.375,13,6.698268054115413
76275,3,0.125,4,3.044522437723423
76306,6,0.25,8,6.415096959171596
76318,4,0.16666666666666666,5,6.175867270105761
76364,15,0.625,36,8.3654396361887
76377,5,0.20833333333333334,5,4.553876891600541
76400,3,0.125,3,5.545177444479562
76403,1,0.041666666666666664,1,0.0
76497,3,0.125,5,4.948759890378168
76520,3,0.125,3,1.6094379124341003
76563,4,0.16666666666666666,7,1.791759469228055
76606,2,0.08333333333333333,3,4.983606621708336
76616,6,0.25,8,7.454719949364001
76622,3,0.125,3,0.0
76670,2,0.08333333333333333,2,4.859812404361672
76736,4,0.16666666666666666,5,3.58351893845611
76823,4,0.16666666666666666,4,6.740519359606223
76828,8,0.3333333333333333,13,6.320768294250582
76834,3,0.125,3,4.110873864173311
76845,0,0.0,0,0.0
76863,1,0.041666666666666664,1,5.170483995038151
76869,4,0.16666666666666666,5,8.877800393882575
76890,7,0.2916666666666667,12,5.2832037287379885
76892,10,0.4166666666666667,14,5.049856007249537
76895,2,0.08333333333333333,3,0.0
81001,10,0.4166666666666667,15,8.81195017753998
81065,10,0.4166666666666667,11,9.863238310628443
81220,1,0.041666666666666664,1,0.0
81300,2,0.08333333333333333,2,7.1316985104669115
81591,3,0.125,4,0.0
81736,10,0.4166666666666667,11,9.207837241758064
81794,2,0.08333333333333333,2,4.795790545596741
85001,12,0.5,61,9.018089684104343
85010,9,0.375,20,5.14166355650266
85015,1,0.041666666666666664,1,2.772588722239781
85125,6,0.25,6,7.591357046698551
85136,1,0.041666666666666664,1,5.62040086571715
85139,8,0.3333333333333333,11,8.982309899088579
85162,8,0.3333333333333333,12,0.0
85225,6,0.25,8,8.061802274538348
85230,11,0.4583333333333333,21,8.823353485113792
85250,12,0.5,25,5.817111159963204
85263,9,0.375,14,6.704414354964107
85279,4,0.16666666666666666,8,6.030685260261263
85300,3,0.125,3,4.2626798770413155
85315,1,0.041666666666666664,1,3.4339872044851463
85325,8,0.3333333333333333,10,6.734591659972948
85400,2,0.08333333333333333,2,5.225746673713202
85410,5,0.20833333333333334,5,3.4339872044851463
85430,6,0.25,7,8.51959031601596
85440,4,0.16666666666666666,4,6.448889394146858
86001,12,0.5,19,9.592536853144992
86219,3,0.125,3,5.707110264748875
86320,2,0.08333333333333333,2,4.836281906951478
86568,7,0.2916666666666667,9,8.601166625192416
86569,4,0.16666666666666666,4,8.46611040118692
86571,5,0.20833333333333334,7,9.400464740833158
86573,1,0.041666666666666664,1,8.172729104865471
86749,5,0.20833333333333334,5,8.657998068007258
86755,4,0.16666666666666666,5,7.375255778009754
86757,5,0.20833333333333334,5,8.690474003558043
86760,2,0.08333333333333333,2,7.001245622069476
86865,4,0.16666666666666666,4,8.074337694089515
86885,1,0.041666666666666664,1,3.258096538021482
88001,8,0.3333333333333333,9,5.981414211254481
88564,2,0.08333333333333333,2,4.7535901911063645
91001,8,0.3333333333333333,9,8.40200678160712
91263,0,0.0,0,0.0
91405,0,0.0,0,0.0
91407,0,0.0,0,0.0
91430,0,0.0,0,0.0
91460,0,0.0,0,0.0
91530,0,0.0,0,0.0
91536,0,0.0,0,0.0
91540,1,0.041666666666666664,1,7.75190533307861
91669,0,0.0,0,0.0
91798,0,0.0,0,0.0
94001,5,0.20833333333333334,8,9.883131772279054
94343,0,0.0,0,0.0
94883,0,0.0,0,0.0
94884,0,0.0,0,0.0
94885,0,0.0,0,0.0
94886,0,0.0,0,0.0
94887,0,0.0,0,0.0
94888,0,0.0,0,0.0
95001,8,0.3333333333333333,15,9.428350771178645
95015,1,0.041666666666666664,1,0.0
95025,1,0.041666666666666664,1,0.0
95200,1,0.041666666666666664,1,2.772588722239781
97001,4,0.16666666666666666,4,5.017279836814924
97161,0,0.0,0,0.0
97511,0,0.0,0,0.0
97666,0,0.0,0,0.0
97777,0,0.0,0,0.0
97889,0,0.0,0,0.0
99001,3,0.125,3,7.02108396428914
99524,2,0.08333333333333333,2,6.3473892096560105
99624,1,0.041666666666666664,1,6.478509642208569
99773,2,0.08333333333333333,2,7.944846711001996
